,,,
1,쌍둥이돼지국밥 대표 이미지,https://example.com/images/restaurant_1.jpg,1
2,웨이브온 커피 대표 이미지,https://example.com/images/restaurant_2.jpg,2
3,옵스 해운대점 대표 이미지,https://example.com/images/restaurant_3.jpg,3
4,스시 미르네 대표 이미지,https://example.com/images/restaurant_4.jpg,4
5,신기산업 대표 이미지,https://example.com/images/restaurant_5.jpg,5
6,이재모피자 대표 이미지,https://example.com/images/restaurant_6.jpg,6
7,금수복국 대표 이미지,https://example.com/images/restaurant_7.jpg,7
8,B&C제과점 대표 이미지,https://example.com/images/restaurant_8.jpg,8
9,브라운핸즈 백제 대표 이미지,https://example.com/images/restaurant_9.jpg,9
10,칠성식당 대표 이미지,https://example.com/images/restaurant_10.jpg,10
11,해운대기와집대구탕 대표 이미지,https://example.com/images/restaurant_11.jpg,11
12,초량밀면 대표 이미지,https://example.com/images/restaurant_12.jpg,12
13,할매가야밀면 대표 이미지,https://example.com/images/restaurant_13.jpg,13
14,합천일류돼지국밥 대표 이미지,https://example.com/images/restaurant_14.jpg,14
15,18번완당집 대표 이미지,https://example.com/images/restaurant_15.jpg,15
16,속시원한대구탕 대표 이미지,https://example.com/images/restaurant_16.jpg,16
17,소문난동래파전 대표 이미지,https://example.com/images/restaurant_17.jpg,17
18,버거인뉴욕 대표 이미지,https://example.com/images/restaurant_18.jpg,18
19,톤쇼우 대표 이미지,https://example.com/images/restaurant_19.jpg,19
20,나가하마만게츠 대표 이미지,https://example.com/images/restaurant_20.jpg,20
21,코카모메 대표 이미지,https://example.com/images/restaurant_21.jpg,21
22,샤오시 대표 이미지,https://example.com/images/restaurant_22.jpg,22
23,신발원 대표 이미지,https://example.com/images/restaurant_23.jpg,23
24,옥생관 대표 이미지,https://example.com/images/restaurant_24.jpg,24
25,류가향 대표 이미지,https://example.com/images/restaurant_25.jpg,25
26,남천할매떡볶이 대표 이미지,https://example.com/images/restaurant_26.jpg,26
27,다리집 대표 이미지,https://example.com/images/restaurant_27.jpg,27
28,이가네떡볶이 대표 이미지,https://example.com/images/restaurant_28.jpg,28
29,빨간떡볶이 대표 이미지,https://example.com/images/restaurant_29.jpg,29
30,앳홈 대표 이미지,https://example.com/images/restaurant_30.jpg,30
31,라자 대표 이미지,https://example.com/images/restaurant_31.jpg,31
32,안남 대표 이미지,https://example.com/images/restaurant_32.jpg,32
33,디에이블 대표 이미지,https://example.com/images/restaurant_33.jpg,33
34,비토 대표 이미지,https://example.com/images/restaurant_34.jpg,34
35,어반자카파 대표 이미지,https://example.com/images/restaurant_35.jpg,35
36,듀플릿 대표 이미지,https://example.com/images/restaurant_36.jpg,36
37,모모스커피 대표 이미지,https://example.com/images/restaurant_37.jpg,37
38,헤이든 대표 이미지,https://example.com/images/restaurant_38.jpg,38
39,카페 드 220볼트 대표 이미지,https://example.com/images/restaurant_39.jpg,39
40,포트1902 대표 이미지,https://example.com/images/restaurant_40.jpg,40
41,로우앤스윗 대표 이미지,https://example.com/images/restaurant_41.jpg,41
42,루프앤드 대표 이미지,https://example.com/images/restaurant_42.jpg,42
43,커피 어웨이크 대표 이미지,https://example.com/images/restaurant_43.jpg,43
44,스트럿 커피 대표 이미지,https://example.com/images/restaurant_44.jpg,44
45,오디너리플라워 대표 이미지,https://example.com/images/restaurant_45.jpg,45
46,베르크 로스터스 대표 이미지,https://example.com/images/restaurant_46.jpg,46
47,아뜰리에 대표 이미지,https://example.com/images/restaurant_47.jpg,47
48,비상 대표 이미지,https://example.com/images/restaurant_48.jpg,48
49,랜드마크9 대표 이미지,https://example.com/images/restaurant_49.jpg,49
50,스페이스단단 대표 이미지,https://example.com/images/restaurant_50.jpg,50
51,에프엠커피하우스 대표 이미지,https://example.com/images/restaurant_51.jpg,51
52,겟올라잇 대표 이미지,https://example.com/images/restaurant_52.jpg,52
53,희와제과 대표 이미지,https://example.com/images/restaurant_53.jpg,53
54,겐츠베이커리 대표 이미지,https://example.com/images/restaurant_54.jpg,54
55,빵드뱅 대표 이미지,https://example.com/images/restaurant_55.jpg,55
56,빵다무르 대표 이미지,https://example.com/images/restaurant_56.jpg,56
57,시엘로 대표 이미지,https://example.com/images/restaurant_57.jpg,57
58,류 제과점 대표 이미지,https://example.com/images/restaurant_58.jpg,58
59,베이크샵 대표 이미지,https://example.com/images/restaurant_59.jpg,59
60,파티세리 드 레브 대표 이미지,https://example.com/images/restaurant_60.jpg,60
61,이흥용과자점 대표 이미지,https://example.com/images/restaurant_61.jpg,61
62,마가만두 대표 이미지,https://example.com/images/restaurant_62.jpg,62
63,원향재 대표 이미지,https://example.com/images/restaurant_63.jpg,63
64,거인통닭 대표 이미지,https://example.com/images/restaurant_64.jpg,64
65,이화장 대표 이미지,https://example.com/images/restaurant_65.jpg,65
66,동경밥상 대표 이미지,https://example.com/images/restaurant_66.jpg,66
67,그릴106 대표 이미지,https://example.com/images/restaurant_67.jpg,67
68,수변최고돼지국밥 대표 이미지,https://example.com/images/restaurant_68.jpg,68
69,오륙도수제순대 대표 이미지,https://example.com/images/restaurant_69.jpg,69
70,양산국밥 대표 이미지,https://example.com/images/restaurant_70.jpg,70
71,고옥 대표 이미지,https://example.com/images/restaurant_71.jpg,71
72,딤타오 대표 이미지,https://example.com/images/restaurant_72.jpg,72
73,라꽁띠 대표 이미지,https://example.com/images/restaurant_73.jpg,73
74,델리 대표 이미지,https://example.com/images/restaurant_74.jpg,74
75,뉴러우멘관즈 대표 이미지,https://example.com/images/restaurant_75.jpg,75
76,사북칼국수 대표 이미지,https://example.com/images/restaurant_76.jpg,76
77,동백극장 대표 이미지,https://example.com/images/restaurant_77.jpg,77
78,카페이정원 대표 이미지,https://example.com/images/restaurant_78.jpg,78
79,카페미루 대표 이미지,https://example.com/images/restaurant_79.jpg,79
80,오소메 대표 이미지,https://example.com/images/restaurant_80.jpg,80
81,개미집 대표 이미지,https://example.com/images/restaurant_81.jpg,81
82,호랑이젤라떡 대표 이미지,https://example.com/images/restaurant_82.jpg,82
83,부다면옥 대표 이미지,https://example.com/images/restaurant_83.jpg,83
84,명성횟집 대표 이미지,https://example.com/images/restaurant_84.jpg,84
85,마마돈 대표 이미지,https://example.com/images/restaurant_85.jpg,85
86,해성막창집 대표 이미지,https://example.com/images/restaurant_86.jpg,86
87,솔탭하우스 대표 이미지,https://example.com/images/restaurant_87.jpg,87
88,빕스 대표 이미지,https://example.com/images/restaurant_88.jpg,88
89,티볼리 대표 이미지,https://example.com/images/restaurant_89.jpg,89
90,뚜아루즈 대표 이미지,https://example.com/images/restaurant_90.jpg,90
91,이태리국시 대표 이미지,https://example.com/images/restaurant_91.jpg,91
92,원조부산족발 대표 이미지,https://example.com/images/restaurant_92.jpg,92
93,재성밀면 대표 이미지,https://example.com/images/restaurant_93.jpg,93
94,홍유단 대표 이미지,https://example.com/images/restaurant_94.jpg,94
95,털보네 대표 이미지,https://example.com/images/restaurant_95.jpg,95
96,오반장 대표 이미지,https://example.com/images/restaurant_96.jpg,96
97,삼삼횟집 대표 이미지,https://example.com/images/restaurant_97.jpg,97
98,젠닌 대표 이미지,https://example.com/images/restaurant_98.jpg,98
99,시골여행 대표 이미지,https://example.com/images/restaurant_99.jpg,99
100,황금조개구이 대표 이미지,https://example.com/images/restaurant_100.jpg,100